First Name,Last Name,Age
Oliver,Johnson,24
Sophia,Martinez,28
Liam,Wilson,30
Emma,Lopez,22
Noah,Miller,26
Ava,Garcia,23
James,Anderson,27
Isabella,Thomas,32
Benjamin,Moore,29
Mia,Jackson,31
Elijah,Harris,25
Charlotte,Clark,21
Lucas,Allen,33
Amelia,Young,34
Mason,King,18
Harper,Wright,19
Sebastian,Scott,27
Evelyn,Green,20
Jack,Adams,35
Aria,Baker,22
Aiden,Campbell,29
Madison,Martinez,30
Jackson,Phillips,19
Chloe,Evans,28
Henry,Collins,24
Ella,Mitchell,23
Jackie,Lopez,26
Leo,Lee,31
Grace,Parker,22
Owen,Turner,25
Maya,Roberts,32
Daniel,Mitchell,18
Zoe,Garcia,21
William,Smith,34
Amos,Williams,27
Lily,Allen,30
Samuel,Adams,33
Chase,King,22
Natalie,Scott,24
David,Lee,35
Ella,Brown,28
Jameson,Moore,25
Maya,Green,29
Avery,Thomas,19
Ella,Williams,30
Aiden,Roberts,31
Sophie,Lopez,26
Gabriel,Young,32
Hannah,Jackson,22
Levi,Wilson,27
Zoe,Thompson,24
Miles,Mitchell,21
Nora,Garcia,23
Ryan,Collins,34
Katherine,Evans,18
Lucas,Thomas,20
Madison,Young,29
Seth,Baker,26
Victoria,Hall,25
Connor,Harris,30
Maya,Phillips,35
